<?xml version="1.0" encoding="UTF-8" standalone="no"?>
<configuration>
	<feature automatic="selected" name="productLine"/>
	<feature automatic="unselected" name="uebung1"/>
	<feature automatic="unselected" name="uebung1_pizza"/>
	<feature automatic="unselected" name="uebung1_pizza_ConstructorParam"/>
	<feature automatic="unselected" name="uebung1_pizza_ConstructorParamThree"/>
	<feature automatic="unselected" name="uebung1_pizza_ConstructorParamTwo"/>
	<feature automatic="unselected" name="uebung1_pizza_ConstructorParamOne"/>
	<feature automatic="unselected" name="uebung1_pizza_SetterCheck"/>
	<feature automatic="unselected" name="uebung1_pizza_WithoutSetterCheck"/>
	<feature automatic="unselected" name="uebung1_pizza_Test"/>
	<feature automatic="unselected" name="uebung1_pizza_TestFirstConstructorOption"/>
	<feature automatic="unselected" name="uebung1_pizza_Test2ndConstructorOption"/>
	<feature automatic="unselected" name="uebung1_pizza_TestSetterOption"/>
	<feature automatic="unselected" name="uebung1_pizza_TestBasic"/>
	<feature automatic="unselected" name="uebung1_chef"/>
	<feature automatic="unselected" name="uebung1_chef_ConstructorParam"/>
	<feature automatic="unselected" name="uebung1_chef_ConstructorParamOne"/>
	<feature automatic="unselected" name="uebung1_chef_ConstructorParamTwo"/>
	<feature automatic="unselected" name="uebung1_chef_ConstructorParamThree"/>
	<feature automatic="unselected" name="uebung1_chef_Test"/>
	<feature automatic="unselected" name="uebung1_chef_TestFirstConstructorOption"/>
	<feature automatic="unselected" name="uebung1_chef_Test2ndConstructorOption"/>
	<feature automatic="unselected" name="uebung1_chef_TestBasic"/>
	<feature automatic="unselected" name="uebung1_customer"/>
	<feature automatic="unselected" name="uebung1_customer_ConstructorParam"/>
	<feature automatic="unselected" name="uebung1_customer_ConstructorParamOne"/>
	<feature automatic="unselected" name="uebung1_customer_ConstructorParamTwo"/>
	<feature automatic="unselected" name="uebung1_customer_ConstructorParamthree"/>
	<feature automatic="unselected" name="uebung1_customer_ConstructorParamFour"/>
	<feature automatic="unselected" name="uebung1_customer_Test"/>
	<feature automatic="unselected" name="uebung1_customer_TestFirstConstructorOption"/>
	<feature automatic="unselected" name="uebung1_customer_Test2ndConstructorOption"/>
	<feature automatic="unselected" name="uebung1_customer_TestThirdConstructorOption"/>
	<feature automatic="unselected" name="uebung1_customer_TestBasic"/>
	<feature automatic="unselected" name="uebung1_Gui"/>
	<feature automatic="unselected" name="uebung2"/>
	<feature automatic="unselected" name="uebung2_Pizza"/>
	<feature automatic="unselected" name="uebung2_pizza_ToString"/>
	<feature automatic="unselected" name="uebung2_pizza_ToStringOneAttribute"/>
	<feature automatic="unselected" name="uebung2_pizza_ToStringTwoAttributes"/>
	<feature automatic="unselected" name="uebung2_pizza_ToStringThreeAttributes"/>
	<feature automatic="unselected" name="uebung2_pizza_Clone"/>
	<feature automatic="unselected" name="uebung2_pizza_Hash"/>
	<feature automatic="unselected" name="uebung2_pizza_HashShortVariant"/>
	<feature automatic="unselected" name="uebung2_pizza_HashLongVariant"/>
	<feature automatic="unselected" name="Uebung2_Pizza_Equals"/>
	<feature automatic="unselected" name="uebung2_pizza_EqualsExplicitNullCheck"/>
	<feature automatic="unselected" name="uebung2_pizza_EqualsExplicitNullCheckWithInstanceOf"/>
	<feature automatic="unselected" name="uebung2_pizza_EqualsExplicitNullCheckWithoutInstanceOf"/>
	<feature automatic="unselected" name="uebung2_pizza_EqualsImplicitNullCheck"/>
	<feature automatic="unselected" name="uebung2_pizza_EqualsImplicitNullCheckWithoutInstanceOf"/>
	<feature automatic="unselected" name="uebung2_pizza_EqualsImplicitNullCheckWithInstanceOf"/>
	<feature automatic="unselected" name="uebung2_pizza_Test"/>
	<feature automatic="unselected" name="uebung2_pizza_TestBasic"/>
	<feature automatic="unselected" name="uebung2_pizza_TestToString1stOption"/>
	<feature automatic="unselected" name="uebung2_pizza_TestToString2ndOption"/>
	<feature automatic="unselected" name="uebung2_Chef"/>
	<feature automatic="unselected" name="uebung2_chef_Equals"/>
	<feature automatic="unselected" name="uebung2_chef_EqualsExplicitNullCheck"/>
	<feature automatic="unselected" name="uebung2_chef_EqualsExplicitNullCheckWithInstanceOf"/>
	<feature automatic="unselected" name="uebung2_chef_EqualsExplicitNullCheckWithoutInstanceOf"/>
	<feature automatic="unselected" name="uebung2_chef_EqualsImplicitNullCheck"/>
	<feature automatic="unselected" name="uebung2_chef_EqualsImplicitNullCheckWithInstanceOf"/>
	<feature automatic="unselected" name="uebung2_chef_EqualsImplicitNullCheckWithoutInstanceOf"/>
	<feature automatic="unselected" name="uebung2_chef_Tostring"/>
	<feature automatic="unselected" name="uebung2_chef_TostringOneAttribute"/>
	<feature automatic="unselected" name="uebung2_chef_TostringTwoAttributes"/>
	<feature automatic="unselected" name="uebung2_chef_TostringThreeAttributes"/>
	<feature automatic="unselected" name="uebung2_chef_HashCode"/>
	<feature automatic="unselected" name="uebung2_chef_HashShortVariant"/>
	<feature automatic="unselected" name="uebung2_chef_HashLongVariant"/>
	<feature automatic="unselected" name="uebung2_chef_Test"/>
	<feature automatic="unselected" name="uebung2_chef_TestToString1stOption"/>
	<feature automatic="unselected" name="uebung2_chef_TestToString2ndOption"/>
	<feature automatic="unselected" name="uebung2_chef_TestBasic"/>
	<feature automatic="unselected" name="uebung2_Customer"/>
	<feature automatic="unselected" name="uebung2_customer_Equals"/>
	<feature automatic="unselected" name="uebung2_customer_EqualsExplicitNullCheck"/>
	<feature automatic="unselected" name="uebung2_customer_EqualsExplicitNullCheckWhitInstanceof"/>
	<feature automatic="unselected" name="uebung2_customer_EqualsExplicitNullCheckWithout"/>
	<feature automatic="unselected" name="uebung2_customer_EqualsImplicitNullCheck"/>
	<feature automatic="unselected" name="uebung2_customer_EqualsImplicitNullCheckWithInstanceOf"/>
	<feature automatic="unselected" name="uebung2_customer_EqualsImplicitNullCheckWithoutInstanceOf"/>
	<feature automatic="unselected" name="uebung2_customer_NewClassMember"/>
	<feature automatic="unselected" name="uebung2_customer_NewMember"/>
	<feature automatic="unselected" name="uebung2_customer_Hash"/>
	<feature automatic="unselected" name="uebung2_customer_HashShortVariant"/>
	<feature automatic="unselected" name="uebung2_customer_HashLongVariant"/>
	<feature automatic="unselected" name="uebung2_customer_Tostring"/>
	<feature automatic="unselected" name="uebung2_customer_TostringFourAttributes"/>
	<feature automatic="unselected" name="uebung2_customer_TostringThreeAttributes"/>
	<feature automatic="unselected" name="uebung2_customer_TostringTwoAttributes"/>
	<feature automatic="unselected" name="uebung2_customer_TostringOneAttribute"/>
	<feature automatic="unselected" name="uebung2_customer_Test"/>
	<feature automatic="unselected" name="uebung2_customer_TestBasic"/>
	<feature automatic="unselected" name="uebung2_customer_TestToString1stOption"/>
	<feature automatic="unselected" name="uebung2_customer_TestToString2ndOption"/>
	<feature automatic="unselected" name="uebung2_customer_TestToStringThirdOption"/>
	<feature automatic="unselected" name="uebung2_Gui"/>
	<feature automatic="selected" manual="selected" name="uebung3"/>
	<feature automatic="selected" name="uebung3_Pizza"/>
	<feature automatic="selected" name="uebung3_pizza_Pizza3thVariant"/>
	<feature automatic="selected" name="uebung3_pizza_PizzaTest"/>
	<feature automatic="selected" name="uebung3_Chef"/>
	<feature automatic="selected" name="uebung3_chef_Chef3thVariant"/>
	<feature automatic="selected" name="uebung3_chef_ChefTest"/>
	<feature automatic="selected" name="uebung3_Customer"/>
	<feature automatic="selected" name="uebung3_customer_Customer3thVariant"/>
	<feature automatic="selected" manual="selected" name="uebung3_customer_customer3rdVariant_NewAttribut"/>
	<feature automatic="selected" name="uebung3_customer_customer3rdVariant_NewAssociation"/>
	<feature automatic="selected" name="uebung3_customer_customer3rdVariant_NewAssociation_AssociationTest"/>
	<feature automatic="selected" name="uebung3_customer_customer3rdVariant_NewAssociation_ToStringEfficiency"/>
	<feature automatic="unselected" name="uebung3_customer_customer3rdVariant_NewAssociation_toStringEfficiency_EfficientManagementWithStringBuffer"/>
	<feature manual="selected" name="uebung3_customer_customer3rdVariant_NewAssociation_toStringEfficiency_LessEfficientManagementWithString"/>
	<feature automatic="selected" name="uebung3_customer_CustomerTest"/>
	<feature manual="selected" name="uebung3_Gui"/>
</configuration>
