<?xml version="1.0" encoding="UTF-8" standalone="no"?>
<featureModel>
	<properties>
		<graphics key="autolayoutconstraints" value="false"/>
		<graphics key="legendautolayout" value="true"/>
		<graphics key="showconstraints" value="true"/>
		<graphics key="showshortnames" value="false"/>
		<graphics key="layout" value="horizontal"/>
		<graphics key="showcollapsedconstraints" value="true"/>
		<graphics key="legendhidden" value="false"/>
		<graphics key="layoutalgorithm" value="1"/>
	</properties>
	<struct>
		<alt abstract="true" mandatory="true" name="productLine">
			<and abstract="true" name="uebung1">
				<graphics key="collapsed" value="true"/>
				<and abstract="true" mandatory="true" name="uebung1_pizza">
					<graphics key="collapsed" value="true"/>
					<and abstract="true" mandatory="true" name="uebung1_pizza_ConstructorParam">
						<graphics key="collapsed" value="true"/>
						<feature mandatory="true" name="uebung1_pizza_ConstructorParamThree"/>
						<feature name="uebung1_pizza_ConstructorParamTwo"/>
						<feature name="uebung1_pizza_ConstructorParamOne"/>
					</and>
					<and abstract="true" mandatory="true" name="uebung1_pizza_SetterCheck">
						<graphics key="collapsed" value="true"/>
						<feature name="uebung1_pizza_WithoutSetterCheck"/>
					</and>
					<and abstract="true" mandatory="true" name="uebung1_pizza_Test">
						<graphics key="collapsed" value="true"/>
						<feature name="uebung1_pizza_TestFirstConstructorOption"/>
						<feature name="uebung1_pizza_Test2ndConstructorOption"/>
						<feature name="uebung1_pizza_TestSetterOption"/>
						<feature mandatory="true" name="uebung1_pizza_TestBasic"/>
					</and>
				</and>
				<and abstract="true" mandatory="true" name="uebung1_chef">
					<graphics key="collapsed" value="true"/>
					<and abstract="true" mandatory="true" name="uebung1_chef_ConstructorParam">
						<graphics key="collapsed" value="false"/>
						<feature name="uebung1_chef_ConstructorParamOne"/>
						<feature name="uebung1_chef_ConstructorParamTwo"/>
						<feature mandatory="true" name="uebung1_chef_ConstructorParamThree"/>
					</and>
					<and abstract="true" mandatory="true" name="uebung1_chef_Test">
						<graphics key="collapsed" value="false"/>
						<feature name="uebung1_chef_TestFirstConstructorOption"/>
						<feature name="uebung1_chef_Test2ndConstructorOption"/>
						<feature mandatory="true" name="uebung1_chef_TestBasic"/>
					</and>
				</and>
				<and abstract="true" mandatory="true" name="uebung1_customer">
					<graphics key="collapsed" value="true"/>
					<and abstract="true" mandatory="true" name="uebung1_customer_ConstructorParam">
						<graphics key="collapsed" value="true"/>
						<feature name="uebung1_customer_ConstructorParamOne"/>
						<feature name="uebung1_customer_ConstructorParamTwo"/>
						<feature name="uebung1_customer_ConstructorParamthree"/>
						<feature mandatory="true" name="uebung1_customer_ConstructorParamFour"/>
					</and>
					<and abstract="true" mandatory="true" name="uebung1_customer_Test">
						<graphics key="collapsed" value="true"/>
						<feature name="uebung1_customer_TestFirstConstructorOption"/>
						<feature name="uebung1_customer_Test2ndConstructorOption"/>
						<feature name="uebung1_customer_TestThirdConstructorOption"/>
						<feature mandatory="true" name="uebung1_customer_TestBasic"/>
					</and>
				</and>
				<feature name="uebung1_Gui"/>
			</and>
			<and abstract="true" name="uebung2">
				<graphics key="collapsed" value="false"/>
				<and abstract="true" mandatory="true" name="uebung2_Pizza">
					<graphics key="collapsed" value="true"/>
					<alt abstract="true" mandatory="true" name="uebung2_pizza_ToString">
						<graphics key="collapsed" value="true"/>
						<feature name="uebung2_pizza_ToStringOneAttribute"/>
						<feature name="uebung2_pizza_ToStringTwoAttributes"/>
						<feature name="uebung2_pizza_ToStringThreeAttributes"/>
					</alt>
					<feature mandatory="true" name="uebung2_pizza_Clone"/>
					<alt abstract="true" mandatory="true" name="uebung2_pizza_Hash">
						<graphics key="collapsed" value="true"/>
						<feature name="uebung2_pizza_HashShortVariant"/>
						<feature name="uebung2_pizza_HashLongVariant"/>
					</alt>
					<alt abstract="true" mandatory="true" name="Uebung2_Pizza_Equals">
						<graphics key="collapsed" value="true"/>
						<alt abstract="true" name="uebung2_pizza_EqualsExplicitNullCheck">
							<graphics key="collapsed" value="true"/>
							<feature name="uebung2_pizza_EqualsExplicitNullCheckWithInstanceOf"/>
							<feature name="uebung2_pizza_EqualsExplicitNullCheckWithoutInstanceOf"/>
						</alt>
						<alt abstract="true" name="uebung2_pizza_EqualsImplicitNullCheck">
							<graphics key="collapsed" value="true"/>
							<feature name="uebung2_pizza_EqualsImplicitNullCheckWithoutInstanceOf"/>
							<feature name="uebung2_pizza_EqualsImplicitNullCheckWithInstanceOf"/>
						</alt>
					</alt>
					<and abstract="true" mandatory="true" name="uebung2_pizza_Test">
						<graphics key="collapsed" value="true"/>
						<feature name="uebung2_pizza_TestBasic"/>
						<feature name="uebung2_pizza_TestToString1stOption"/>
						<feature name="uebung2_pizza_TestToString2ndOption"/>
					</and>
				</and>
				<and abstract="true" mandatory="true" name="uebung2_Chef">
					<graphics key="collapsed" value="false"/>
					<alt abstract="true" mandatory="true" name="uebung2_chef_Equals">
						<graphics key="collapsed" value="false"/>
						<alt abstract="true" name="uebung2_chef_EqualsExplicitNullCheck">
							<graphics key="collapsed" value="false"/>
							<feature name="uebung2_chef_EqualsExplicitNullCheckWithInstanceOf"/>
							<feature name="uebung2_chef_EqualsExplicitNullCheckWithoutInstanceOf"/>
						</alt>
						<alt abstract="true" name="uebung2_chef_EqualsImplicitNullCheck">
							<graphics key="collapsed" value="true"/>
							<feature name="uebung2_chef_EqualsImplicitNullCheckWithInstanceOf"/>
							<feature name="uebung2_chef_EqualsImplicitNullCheckWithoutInstanceOf"/>
						</alt>
					</alt>
					<alt abstract="true" mandatory="true" name="uebung2_chef_Tostring">
						<graphics key="collapsed" value="true"/>
						<feature name="uebung2_chef_TostringOneAttribute"/>
						<feature name="uebung2_chef_TostringTwoAttributes"/>
						<feature name="uebung2_chef_TostringThreeAttributes"/>
					</alt>
					<alt abstract="true" mandatory="true" name="uebung2_chef_HashCode">
						<graphics key="collapsed" value="true"/>
						<feature name="uebung2_chef_HashShortVariant"/>
						<feature name="uebung2_chef_HashLongVariant"/>
					</alt>
					<and abstract="true" mandatory="true" name="uebung2_chef_Test">
						<graphics key="collapsed" value="false"/>
						<feature name="uebung2_chef_TestToString1stOption"/>
						<feature name="uebung2_chef_TestToString2ndOption"/>
						<feature name="uebung2_chef_TestBasic"/>
					</and>
				</and>
				<and abstract="true" mandatory="true" name="uebung2_Customer">
					<graphics key="collapsed" value="true"/>
					<alt abstract="true" mandatory="true" name="uebung2_customer_Equals">
						<graphics key="collapsed" value="true"/>
						<alt abstract="true" name="uebung2_customer_EqualsExplicitNullCheck">
							<graphics key="collapsed" value="true"/>
							<feature name="uebung2_customer_EqualsExplicitNullCheckWhitInstanceof"/>
							<feature name="uebung2_customer_EqualsExplicitNullCheckWithout"/>
						</alt>
						<alt abstract="true" name="uebung2_customer_EqualsImplicitNullCheck">
							<graphics key="collapsed" value="true"/>
							<feature name="uebung2_customer_EqualsImplicitNullCheckWithInstanceOf"/>
							<feature name="uebung2_customer_EqualsImplicitNullCheckWithoutInstanceOf"/>
						</alt>
					</alt>
					<and abstract="true" mandatory="true" name="uebung2_customer_NewClassMember">
						<graphics key="collapsed" value="true"/>
						<feature mandatory="true" name="uebung2_customer_NewMember"/>
					</and>
					<alt abstract="true" mandatory="true" name="uebung2_customer_Hash">
						<graphics key="collapsed" value="true"/>
						<feature name="uebung2_customer_HashShortVariant"/>
						<feature name="uebung2_customer_HashLongVariant"/>
					</alt>
					<alt abstract="true" mandatory="true" name="uebung2_customer_Tostring">
						<graphics key="collapsed" value="true"/>
						<feature name="uebung2_customer_TostringFourAttributes"/>
						<feature name="uebung2_customer_TostringThreeAttributes"/>
						<feature name="uebung2_customer_TostringTwoAttributes"/>
						<feature name="uebung2_customer_TostringOneAttribute"/>
					</alt>
					<and abstract="true" mandatory="true" name="uebung2_customer_Test">
						<graphics key="collapsed" value="true"/>
						<feature name="uebung2_customer_TestBasic"/>
						<feature name="uebung2_customer_TestToString1stOption"/>
						<feature name="uebung2_customer_TestToString2ndOption"/>
						<feature name="uebung2_customer_TestToStringThirdOption"/>
					</and>
				</and>
				<feature name="uebung2_Gui"/>
			</and>
			<and abstract="true" name="uebung3">
				<graphics key="collapsed" value="true"/>
				<and abstract="true" mandatory="true" name="uebung3_Pizza">
					<graphics key="collapsed" value="true"/>
					<feature mandatory="true" name="uebung3_pizza_Pizza3thVariant"/>
					<feature mandatory="true" name="uebung3_pizza_PizzaTest"/>
				</and>
				<and abstract="true" mandatory="true" name="uebung3_Chef">
					<graphics key="collapsed" value="true"/>
					<feature mandatory="true" name="uebung3_chef_Chef3thVariant"/>
					<feature mandatory="true" name="uebung3_chef_ChefTest"/>
				</and>
				<and abstract="true" mandatory="true" name="uebung3_Customer">
					<graphics key="collapsed" value="false"/>
					<and abstract="true" mandatory="true" name="uebung3_customer_Customer3thVariant">
						<feature mandatory="true" name="uebung3_customer_customer3rdVariant_NewAttribut"/>
						<and abstract="true" mandatory="true" name="uebung3_customer_customer3rdVariant_NewAssociation">
							<feature mandatory="true" name="uebung3_customer_customer3rdVariant_NewAssociation_AssociationTest"/>
							<alt abstract="true" mandatory="true" name="uebung3_customer_customer3rdVariant_NewAssociation_ToStringEfficiency">
								<feature name="uebung3_customer_customer3rdVariant_NewAssociation_toStringEfficiency_EfficientManagementWithStringBuffer"/>
								<feature name="uebung3_customer_customer3rdVariant_NewAssociation_toStringEfficiency_LessEfficientManagementWithString"/>
							</alt>
						</and>
					</and>
					<feature mandatory="true" name="uebung3_customer_CustomerTest"/>
				</and>
				<feature name="uebung3_Gui"/>
			</and>
		</alt>
	</struct>
	<constraints>
		<rule>
			<eq>
				<var>uebung1_customer_ConstructorParamthree</var>
				<var>uebung1_customer_TestThirdConstructorOption</var>
			</eq>
		</rule>
		<rule>
			<eq>
				<var>uebung1_customer_ConstructorParamTwo</var>
				<var>uebung1_customer_Test2ndConstructorOption</var>
			</eq>
		</rule>
		<rule>
			<eq>
				<var>uebung1_customer_ConstructorParamOne</var>
				<var>uebung1_customer_TestFirstConstructorOption</var>
			</eq>
		</rule>
		<rule>
			<eq>
				<var>uebung1_chef_ConstructorParamOne</var>
				<var>uebung1_chef_TestFirstConstructorOption</var>
			</eq>
		</rule>
		<rule>
			<eq>
				<var>uebung1_chef_ConstructorParamTwo</var>
				<var>uebung1_chef_Test2ndConstructorOption</var>
			</eq>
		</rule>
		<rule>
			<eq>
				<var>uebung1_pizza_ConstructorParamTwo</var>
				<var>uebung1_pizza_Test2ndConstructorOption</var>
			</eq>
		</rule>
		<rule>
			<eq>
				<var>uebung1_pizza_ConstructorParamOne</var>
				<var>uebung1_pizza_TestFirstConstructorOption</var>
			</eq>
		</rule>
		<rule>
			<eq>
				<var>uebung1_pizza_WithoutSetterCheck</var>
				<var>uebung1_pizza_TestSetterOption</var>
			</eq>
		</rule>
		<rule>
			<eq>
				<var>uebung2_pizza_ToStringThreeAttributes</var>
				<var>uebung2_pizza_TestBasic</var>
			</eq>
		</rule>
		<rule>
			<eq>
				<var>uebung2_pizza_ToStringTwoAttributes</var>
				<var>uebung2_pizza_TestToString2ndOption</var>
			</eq>
		</rule>
		<rule>
			<eq>
				<var>uebung2_pizza_ToStringOneAttribute</var>
				<var>uebung2_pizza_TestToString1stOption</var>
			</eq>
		</rule>
		<rule>
			<eq>
				<var>uebung2_chef_TostringThreeAttributes</var>
				<var>uebung2_chef_TestBasic</var>
			</eq>
		</rule>
		<rule>
			<eq>
				<var>uebung2_customer_TostringFourAttributes</var>
				<var>uebung2_customer_TestBasic</var>
			</eq>
		</rule>
		<rule>
			<eq>
				<var>uebung2_customer_TostringOneAttribute</var>
				<var>uebung2_customer_TestToString1stOption</var>
			</eq>
		</rule>
		<rule>
			<eq>
				<var>uebung2_customer_TostringTwoAttributes</var>
				<var>uebung2_customer_TestToString2ndOption</var>
			</eq>
		</rule>
		<rule>
			<eq>
				<var>uebung2_customer_TostringThreeAttributes</var>
				<var>uebung2_customer_TestToStringThirdOption</var>
			</eq>
		</rule>
		<rule>
			<eq>
				<var>uebung2_chef_TostringOneAttribute</var>
				<var>uebung2_chef_TestToString1stOption</var>
			</eq>
		</rule>
		<rule>
			<eq>
				<var>uebung2_chef_TostringTwoAttributes</var>
				<var>uebung2_chef_TestToString2ndOption</var>
			</eq>
		</rule>
	</constraints>
</featureModel>
